question,item_id,domain,variable,scoring_key_provisional,mean_raw,mean_scored,sd_scored,pct_raw_1,pct_raw_5,item_rest_r,exact_duplicate,text,review_flags
Q1,I001,원칙중시,Culture-Fit,direct,4.262820512820513,4.262820512820513,0.4834310103521059,0.0,0.28205128205128205,0.7048638210277786,True,나는 규정이나 절차가 불편해도 지키는 편이다.,LOW_VARIANCE;EXACT_DUPLICATE
Q3,I002,원칙중시,Culture-Fit,direct,4.205128205128205,4.205128205128205,0.6192393744039872,0.0,0.2948717948717949,0.527435350304223,True,작은 이익을 위해 원칙을 훼손하지 않는다.,EXACT_DUPLICATE
Q5,I003,원칙중시,Culture-Fit,direct,4.288461538461538,4.288461538461538,0.5329118475140553,0.0,0.32051282051282054,0.464385830611396,True,정보를 숨기기보다 관련자와 공유하려 한다.,EXACT_DUPLICATE
Q7,I004,원칙중시,Culture-Fit,direct,4.128205128205129,4.128205128205129,0.659598594630134,0.00641025641025641,0.2564102564102564,0.5546149920089234,True,모든 사람을 같은 기준으로 대하려 노력한다.,EXACT_DUPLICATE
Q9,I005,원칙중시,Culture-Fit,direct,4.051282051282051,4.051282051282051,0.6095463336261283,0.0,0.19230769230769232,0.5906483670689455,True,상황이 급해도 규정을 반드시 지켜야 한다고 생각한다.,EXACT_DUPLICATE
Q11,I006,원칙중시,Culture-Fit,direct,4.301282051282051,4.301282051282051,0.48752001507129933,0.0,0.3141025641025641,0.5939817838655451,True,성과를 내기 위해 사실을 과장하지 않고 정직하게 전달한다.,LOW_VARIANCE;EXACT_DUPLICATE
Q13,I007,원칙중시,Culture-Fit,direct,4.237179487179487,4.237179487179487,0.5460967595603512,0.0,0.28846153846153844,0.676098378843734,True,나에게 불리하더라도 기준은 항상 일관되어야 한다.,EXACT_DUPLICATE
Q15,I008,원칙중시,Culture-Fit,direct,4.371794871794871,4.371794871794871,0.5704321928881725,0.0,0.41025641025641024,0.3580466988443523,True,문제가 생기면 지체 없이 즉시 보고한다.,EXACT_DUPLICATE
Q17,I009,원칙중시,Culture-Fit,direct,4.211538461538462,4.211538461538462,0.4952629198733627,0.0,0.25,0.6869271529455176,True,나는 규정이나 절차가 불편해도 지키는 편이다.,LOW_VARIANCE;EXACT_DUPLICATE
Q19,I010,원칙중시,Culture-Fit,direct,4.205128205128205,4.205128205128205,0.517038074569153,0.0,0.2564102564102564,0.6148505500786261,True,작은 이익을 위해 원칙을 훼손하지 않는다.,EXACT_DUPLICATE
Q21,I011,원칙중시,Culture-Fit,direct,4.314102564102564,4.314102564102564,0.4925835403781245,0.0,0.3269230769230769,0.5137821487213148,True,정보를 숨기기보다 관련자와 공유하려 한다.,LOW_VARIANCE;EXACT_DUPLICATE
Q23,I012,원칙중시,Culture-Fit,direct,4.089743589743589,4.089743589743589,0.6462975932114412,0.00641025641025641,0.21794871794871795,0.5658210611404934,True,모든 사람을 같은 기준으로 대하려 노력한다.,EXACT_DUPLICATE
Q25,I013,원칙중시,Culture-Fit,direct,4.121794871794871,4.121794871794871,0.5830171658840477,0.0,0.23076923076923078,0.613533163558534,True,상황이 급해도 규정을 반드시 지켜야 한다고 생각한다.,EXACT_DUPLICATE
Q27,I014,원칙중시,Culture-Fit,direct,4.2756410256410255,4.2756410256410255,0.489551709993593,0.0,0.2948717948717949,0.6672815833001914,True,성과를 내기 위해 사실을 과장하지 않고 정직하게 전달한다.,LOW_VARIANCE;EXACT_DUPLICATE
Q29,I015,원칙중시,Culture-Fit,direct,4.198717948717949,4.198717948717949,0.636724195063287,0.00641025641025641,0.28846153846153844,0.7126756233472371,True,나에게 불리하더라도 기준은 항상 일관되어야 한다.,EXACT_DUPLICATE
Q31,I016,원칙중시,Culture-Fit,direct,4.365384615384615,4.365384615384615,0.5689439959007073,0.0,0.40384615384615385,0.3792896129115621,True,문제가 생기면 지체 없이 즉시 보고한다.,EXACT_DUPLICATE
Q33,I017_R,원칙중시,Culture-Fit,reverse,1.3846153846153846,4.615384615384615,0.5011153812348745,0.6217948717948718,0.0,0.5367606131763062,False,규정이나 절차가 불편하면 지키지 않고 무시한다.,RAW_FLOOR
Q35,I018_R,원칙중시,Culture-Fit,reverse,1.5128205128205128,4.487179487179487,0.5621064012143848,0.5192307692307693,0.0,0.6124198519070718,False,작은 이익을 위해서도 기꺼이 원칙을 훼손한다.,
Q37,I019_R,원칙중시,Culture-Fit,reverse,1.4615384615384615,4.538461538461538,0.5374325510222311,0.5576923076923077,0.0,0.45471766349628456,False,정보를 숨겨 나만 유리하게 이용하려 한다.,
Q39,I020_R,원칙중시,Culture-Fit,reverse,2.3141025641025643,3.6858974358974357,0.9692330668109888,0.17307692307692307,0.00641025641025641,0.3580382193202831,False,모든 사람을 상황에 따라 다른 기준으로 대우한다.,
Q41,I021_R,원칙중시,Culture-Fit,reverse,1.7564102564102564,4.243589743589744,0.6362368687717256,0.34615384615384615,0.0,0.5725136990259195,False,상황이 급하면 규정을 잠시 어겨도 된다고 생각한다.,
Q43,I022_R,원칙중시,Culture-Fit,reverse,1.8461538461538463,4.153846153846154,0.5697067287858038,0.25,0.0,0.586168683117235,False,성과를 위해 사실을 조금 과장하는 편이다.,
Q45,I023_R,원칙중시,Culture-Fit,reverse,1.7692307692307692,4.230769230769231,0.6205736560079048,0.3333333333333333,0.0,0.533986011993158,False,나에게 유리하면 기준이 조금 달라져도 괜찮다.,
Q47,I024_R,원칙중시,Culture-Fit,reverse,1.3974358974358974,4.602564102564102,0.49094362306240524,0.6025641025641025,0.0,0.4746200815108644,False,문제가 생겨도 보고는 나중으로 미룬다.,LOW_VARIANCE;RAW_FLOOR
Q277,I261,원칙중시,Culture-Fit,direct,4.602564102564102,4.602564102564102,0.5409607603620132,0.0,0.6217948717948718,0.44955422150493346,False,회사의 자원을 사적으로 사용하지 않는다. ,RAW_CEILING
Q278,I265,원칙중시,Culture-Fit,direct,1.8782051282051282,1.8782051282051282,0.6847928692531658,0.28846153846153844,0.0,-0.20851864812646204,False,지시가 검증되지 않으면 일단 비판하고 따르지 않는다.,LOW_ITEM_REST;NEGATIVE_ITEM_REST
Q279,I266,원칙중시,Culture-Fit,direct,4.076923076923077,4.076923076923077,0.6173665355410474,0.0,0.21153846153846154,0.5563088274170823,False,상황이 급해도 규정을 철저히 지켜야 한다고 생각한다.,
Q280,I267,원칙중시,Culture-Fit,direct,4.294871794871795,4.294871794871795,0.4848404954601544,0.0,0.3076923076923077,0.5164224078155001,True,정보를 숨기기보다 관련자와 공유하려 한다. ,LOW_VARIANCE;EXACT_DUPLICATE
Q281,I268,원칙중시,Culture-Fit,direct,4.128205128205129,4.128205128205129,0.5871522165443018,0.0,0.22435897435897437,0.547644154921099,False,성과를 내기 위해 편법을 쓰지 않는다.,
Q6,N003,원칙중시,Culture-Fit,direct,2.25,2.25,1.0693682186678142,0.2564102564102564,0.019230769230769232,-0.0970708396327517,False,공정성을 위해 이해관계가 있을 때는 의사결정을 회피하거나 위임한다.,LOW_ITEM_REST;NEGATIVE_ITEM_REST
Q16,N008,원칙중시,Culture-Fit,direct,3.9551282051282053,3.9551282051282053,0.6656837253283876,0.00641025641025641,0.15384615384615385,0.22458013794999682,False,규정이 모호할 때는 보수적으로 해석하고 기록을 남긴다.,
Q26,N013,원칙중시,Culture-Fit,direct,4.0,4.0,0.5447698537441175,0.00641025641025641,0.12179487179487179,0.34191841739720663,False,이익이 충돌할 가능성이 보이면 사전에 이해관계를 공개한다.,
Q36,N018,원칙중시,Culture-Fit,direct,4.173076923076923,4.173076923076923,0.6735889580205762,0.01282051282051282,0.27564102564102566,0.47386484957563985,False,압박 상황에서도 보고 체계를 건너뛰지 않는다.,
Q46,N023,원칙중시,Culture-Fit,direct,4.262820512820513,4.262820512820513,0.46989606932129824,0.0,0.27564102564102566,0.36346338696067915,False,사실 확인 전에는 추측으로 결론 내리지 않는다.,LOW_VARIANCE
Q52,N028,원칙중시,Culture-Fit,direct,3.6153846153846154,3.6153846153846154,0.6952515298985704,0.0,0.05128205128205128,0.197870929420571,False,데이터와 근거가 부족하면 일정이 지연돼도 보완을 요청한다.,LOW_ITEM_REST
Q58,N033,원칙중시,Culture-Fit,direct,4.391025641025641,4.391025641025641,0.5396978599026101,0.0,0.4166666666666667,0.5976191908668831,False,누가 보지 않아도 안전 규정을 준수한다.,
Q68,N038,원칙중시,Culture-Fit,direct,4.1923076923076925,4.1923076923076925,0.5578227792961999,0.0,0.2564102564102564,0.5525160901130555,False,정책 변경 시 구성원에게 동일 기준으로 공지하고 적용한다.,
Q78,N043,원칙중시,Culture-Fit,direct,4.423076923076923,4.423076923076923,0.533260954559368,0.0,0.4423076923076923,0.5741272231267815,False,문제 은폐보다 조기 보고를 우선한다.,
Q88,N048,원칙중시,Culture-Fit,direct,4.1923076923076925,4.1923076923076925,0.6129293451402005,0.00641025641025641,0.27564102564102566,0.5197150957050173,False,사적 친분이 있어도 동일 기준으로 평가한다.,
Q98,N053_R,원칙중시,Culture-Fit,reverse,2.269230769230769,3.730769230769231,0.8526705966561676,0.14743589743589744,0.01282051282051282,0.3039726812122725,False,이해관계가 있어도 공정성보다 이익을 위해 직접 의사결정을 내린다.,
Q57,I033,혁신성,Culture-Fit,direct,4.0576923076923075,4.0576923076923075,0.5476092863722198,0.0,0.17307692307692307,0.7128459951783427,True,업무에 필요한 새로운 방법을 스스로 찾아 적용한다.,EXACT_DUPLICATE
Q59,I034,혁신성,Culture-Fit,direct,4.083333333333333,4.083333333333333,0.46777901224945445,0.0,0.15384615384615385,0.5956291832405999,True,작은 시범 운영으로 가설을 검증해 본다.,LOW_VARIANCE;EXACT_DUPLICATE
Q61,I035,혁신성,Culture-Fit,direct,4.230769230769231,4.230769230769231,0.5060428879714656,0.0,0.2692307692307692,0.6287936971029482,True,변화가 불편해도 필요하면 기꺼이 수용한다.,EXACT_DUPLICATE
Q63,I036,혁신성,Culture-Fit,direct,4.262820512820513,4.262820512820513,0.5219341138394891,0.0,0.2948717948717949,0.5118981139785007,True,감(직관)이 아닌 데이터로 의사결정을 뒷받침한다.,EXACT_DUPLICATE
Q65,I037,혁신성,Culture-Fit,direct,3.4166666666666665,3.4166666666666665,0.849731140274786,0.01282051282051282,0.0641025641025641,0.4046458676733543,True,새로운 방식을 시도하면 괜히 일이 커지더라도 행동으로 옮긴다.,EXACT_DUPLICATE
Q67,I038,혁신성,Culture-Fit,direct,2.9358974358974357,2.9358974358974357,0.7677322044826793,0.00641025641025641,0.01282051282051282,0.3987182556054156,True,기존 방식이 아닌 새로운 방식을 끊임없이 시도하는 것이 안전하다.,EXACT_DUPLICATE
Q69,I039,혁신성,Culture-Fit,reverse,1.8397435897435896,4.160256410256411,0.6375031422748099,0.28205128205128205,0.0,0.2939072124704409,True,근거보다 직관이 더 중요하다고 본다.,EXACT_DUPLICATE
Q71,I040,혁신성,Culture-Fit,direct,4.038461538461538,4.038461538461538,0.5779230374546802,0.0,0.17307692307692307,0.6415798179404119,True,실패의 위험이 있어도 성장을 위해 변화를 시도한다.,EXACT_DUPLICATE
Q73,I041,혁신성,Culture-Fit,direct,4.134615384615385,4.134615384615385,0.5338422923037376,0.0,0.21153846153846154,0.7138841440611977,True,업무에 필요한 새로운 방법을 스스로 찾아 적용한다.,EXACT_DUPLICATE
Q75,I042,혁신성,Culture-Fit,direct,4.064102564102564,4.064102564102564,0.46391722258689405,0.0,0.14102564102564102,0.5734090377887751,True,작은 시범 운영으로 가설을 검증해 본다.,LOW_VARIANCE;EXACT_DUPLICATE
Q77,I043,혁신성,Culture-Fit,direct,4.314102564102564,4.314102564102564,0.518116778211583,0.0,0.33974358974358976,0.6305984985165918,True,변화가 불편해도 필요하면 기꺼이 수용한다.,EXACT_DUPLICATE
Q79,I044,혁신성,Culture-Fit,direct,4.3076923076923075,4.3076923076923075,0.5969317745139034,0.00641025641025641,0.3525641025641026,0.46996055388082697,True,감(직관)이 아닌 데이터로 의사결정을 뒷받침한다.,EXACT_DUPLICATE
Q81,I045,혁신성,Culture-Fit,direct,3.3653846153846154,3.3653846153846154,0.8353985987889618,0.01282051282051282,0.04487179487179487,0.4357032604380489,True,새로운 방식을 시도하면 괜히 일이 커지더라도 행동으로 옮긴다.,EXACT_DUPLICATE
Q83,I046,혁신성,Culture-Fit,direct,2.9294871794871793,2.9294871794871793,0.7713597502791438,0.019230769230769232,0.00641025641025641,0.33347138749662725,True,기존 방식이 아닌 새로운 방식을 끊임없이 시도하는 것이 안전하다.,EXACT_DUPLICATE
Q85,I047,혁신성,Culture-Fit,reverse,1.7820512820512822,4.217948717948718,0.5598948264701354,0.28846153846153844,0.0,0.27224183688782516,True,근거보다 직관이 더 중요하다고 본다.,EXACT_DUPLICATE
Q87,I048,혁신성,Culture-Fit,direct,4.0256410256410255,4.0256410256410255,0.5441621905837236,0.0,0.14743589743589744,0.5933355444592734,True,실패의 위험이 있어도 성장을 위해 변화를 시도한다.,EXACT_DUPLICATE
Q89,I049_R,혁신성,Culture-Fit,reverse,1.9230769230769231,4.076923076923077,0.5851766927916734,0.1987179487179487,0.0,0.5610658902843924,False,업무에 새로운 방법을 적용하지 않고 기존 방식만 고수한다.,
Q91,I050_R,혁신성,Culture-Fit,reverse,1.6666666666666667,4.333333333333333,0.5246606686271623,0.3525641025641026,0.0,0.4972206010368053,False,작은 시범 운영 없이 가설을 검증하지 않고 바로 도입한다.,
Q93,I051_R,혁신성,Culture-Fit,reverse,1.564102564102564,4.435897435897436,0.6342838194422794,0.4935897435897436,0.0,0.5194854043516486,False,변화가 불편하면 필요해도 거부하고 수용하지 않는다.,
Q95,I052_R,혁신성,Culture-Fit,reverse,1.5256410256410255,4.4743589743589745,0.5500582719713454,0.4935897435897436,0.0,0.38159660635199155,False,데이터 없이 감(직관)에 의존해 의사결정을 내린다.,
Q97,I053_R,혁신성,Culture-Fit,reverse,1.8076923076923077,4.1923076923076925,0.5578227792961999,0.2692307692307692,0.0,0.5825913349251433,False,새로운 방식이 필요해도 일이 커질까 봐 시도하지 않는다.,
Q99,I054_R,혁신성,Culture-Fit,reverse,3.0256410256410255,2.9743589743589745,0.7947303697661356,0.01282051282051282,0.019230769230769232,0.2268525523728582,False,일단 하던 대로 하는 것이 가장 안전하다.,
Q101,I055_R,혁신성,Culture-Fit,direct,4.2756410256410255,4.2756410256410255,0.5396978599026101,0.0,0.3141025641025641,0.35626496427599796,False,직관보다 객관적인 근거(데이터)가 더 중요하다고 본다.,
Q103,I056_R,혁신성,Culture-Fit,reverse,1.8846153846153846,4.115384615384615,0.7616750510386235,0.30128205128205127,0.00641025641025641,0.4955636891461403,True,실패가 생길 바엔 변화를 미루는 편이다.,EXACT_DUPLICATE
Q282,I269,혁신성,Culture-Fit,reverse,1.4294871794871795,4.57051282051282,0.5094231967460464,0.5769230769230769,0.0,0.5918514662111345,False,새 툴은 배우기 어려워서 쓰고 싶지 않다.,
Q283,I270,혁신성,Culture-Fit,reverse,1.705128205128205,4.294871794871795,0.5354280617075038,0.3333333333333333,0.0,0.4888047497139328,False,외부 사례는 우리에게 맞지 않는다고 생각한다.,
Q284,I271,혁신성,Culture-Fit,reverse,1.7628205128205128,4.237179487179487,0.5460967595603512,0.28846153846153844,0.0,0.4316413268030888,False,작은 실험에 시간을 쓰는 것은 비효율적이다.,
Q285,I272,혁신성,Culture-Fit,reverse,1.9166666666666667,4.083333333333333,0.5560034037182116,0.1987179487179487,0.0,0.530314142658122,False,새로운 방식을 시도하면 괜히 일이 커진다. ,
Q286,I274,혁신성,Culture-Fit,direct,4.198717948717949,4.198717948717949,0.5378556203303321,0.0,0.26282051282051283,0.5548912920204322,False,업무 자동화를 위해 도구를 탐색하고 도입한다. ,
Q287,I275,혁신성,Culture-Fit,direct,4.416666666666667,4.416666666666667,0.5074710649095475,0.0,0.4230769230769231,0.5108819812371517,False,실패에서 배운 점을 정리해 다음에 반영한다.,
Q288,I276,혁신성,Culture-Fit,reverse,1.8653846153846154,4.134615384615385,0.6728517879414307,0.28205128205128205,0.0,0.611630472117463,True,실패가 생길 바엔 변화를 미루는 편이다. ,EXACT_DUPLICATE
Q10,N005,혁신성,Culture-Fit,direct,4.051282051282051,4.051282051282051,0.49245758677528695,0.0,0.14102564102564102,0.5643929723848108,False,업무 불편을 발견하면 원인 가설을 세우고 간단한 실험으로 검증한다.,LOW_VARIANCE
Q20,N010,혁신성,Culture-Fit,direct,4.230769230769231,4.230769230769231,0.5429448239792475,0.0,0.28846153846153844,0.5755230829926125,False,아이디어를 제안할 때 비용·효과·리스크를 함께 제시한다.,
Q30,N015,혁신성,Culture-Fit,direct,4.0576923076923075,4.0576923076923075,0.4716530246721441,0.0,0.14102564102564102,0.4772484403015285,False,작은 시범 운영(Pilot) 후 성과지표로 확장 여부를 결정한다.,LOW_VARIANCE
Q40,N020,혁신성,Culture-Fit,direct,4.160256410256411,4.160256410256411,0.5142711080153042,0.0,0.21794871794871795,0.5470754491950154,False,문제 재정의(Problem framing)를 통해 새로운 해결책을 모색한다.,
Q49,N025,혁신성,Culture-Fit,direct,4.121794871794871,4.121794871794871,0.5123374482474979,0.0,0.1987179487179487,0.43150385972608013,False,데이터로 가설을 반박할 수 있으면 방향을 신속히 수정한다.,
Q54,N030,혁신성,Culture-Fit,direct,3.83974358974359,3.83974358974359,0.6375031422748099,0.0,0.11538461538461539,0.4237273593444828,False,아이디어 확산을 위해 이해관계자 맵을 만들고 지지자를 확보한다.,
Q62,N035,혁신성,Culture-Fit,direct,4.25,4.25,0.5403105439198533,0.0,0.2948717948717949,0.5989190471862131,False,실패에서 학습 포인트를 기록해 재사용한다.,
Q72,N040,혁신성,Culture-Fit,direct,4.282051282051282,4.282051282051282,0.530305715782787,0.0,0.32051282051282054,0.5248545734579654,False,현장 사용자의 피드백을 정기적으로 수집해 제품을 개선한다.,
Q82,N045,혁신성,Culture-Fit,direct,4.185897435897436,4.185897435897436,0.5424494884109063,0.0,0.25,0.4613760170063839,False,업무 자동화를 통해 반복 작업 시간을 줄인다.,
Q92,N050,혁신성,Culture-Fit,direct,4.128205128205129,4.128205128205129,0.5044057342534136,0.0,0.1987179487179487,0.5627937830570784,False,외부 모범사례를 벤치마킹해 내재화한다.,
Q102,N055_R,혁신성,Culture-Fit,reverse,1.6025641025641026,4.397435897435898,0.5039135509510462,0.40384615384615385,0.0,0.6435749737583564,False,업무 불편을 발견해도 원인을 깊이 탐구하거나 실험하지 않는다.,
Q104,I065,고객중심,Culture-Fit,direct,4.083333333333333,4.083333333333333,0.5674883353450431,0.0,0.19230769230769232,0.4316489528015171,True,의사결정 전 타인 관점을 먼저 점검하려 한다.,EXACT_DUPLICATE
Q105,I066,고객중심,Culture-Fit,direct,4.230769230769231,4.230769230769231,0.47986764097363144,0.0,0.2564102564102564,0.5876036450451299,True,작은 결함도 발견되면 원인을 추적한다.,LOW_VARIANCE;EXACT_DUPLICATE
Q106,I067,고객중심,Culture-Fit,direct,4.07051282051282,4.07051282051282,0.5219341138394891,0.0,0.16666666666666666,0.32035253837372696,True,타인 약속 기한을 맞추기 위해 우선순위를 조정하려 한다.,EXACT_DUPLICATE
Q107,I068,고객중심,Culture-Fit,direct,4.339743589743589,4.339743589743589,0.48853691869334237,0.0,0.34615384615384615,0.6574797390652453,True,인수인계가 끝나도 문제 해결까지 책임을 진다.,LOW_VARIANCE;EXACT_DUPLICATE
Q108,I069,고객중심,Culture-Fit,direct,4.2756410256410255,4.2756410256410255,0.5025575614435649,0.0,0.30128205128205127,0.5651886313006159,True,내 업무가 아니어도 타인의 업무에 도움을 주려고 노력한다.,EXACT_DUPLICATE
Q109,I070,고객중심,Culture-Fit,direct,4.141025641025641,4.141025641025641,0.5841864257096852,0.0,0.23717948717948717,0.5110768170252497,True,품질 기준을 이상적으로 설정하고 최대한 실현하려고 한다.,EXACT_DUPLICATE
Q110,I071,고객중심,Culture-Fit,reverse,2.4294871794871793,3.5705128205128207,0.8952359896998829,0.1346153846153846,0.00641025641025641,0.20945691906216787,True,정해진 절차가 우선이라 약속 기한은 유동적이다.,EXACT_DUPLICATE
Q111,I072,고객중심,Culture-Fit,direct,4.32051282051282,4.32051282051282,0.652411699497354,0.01282051282051282,0.3782051282051282,0.4403306651862354,True,인수인계 후에도 발생하는 문제에 끝까지 책임을 회피하지 않는다.,EXACT_DUPLICATE
Q112,I073,고객중심,Culture-Fit,direct,4.07051282051282,4.07051282051282,0.602277178576919,0.0,0.1987179487179487,0.5192309859701039,True,의사결정 전 타인 관점을 먼저 점검하려 한다.,EXACT_DUPLICATE
Q113,I074,고객중심,Culture-Fit,direct,4.243589743589744,4.243589743589744,0.5127005649631003,0.0,0.28205128205128205,0.6255960269740991,True,작은 결함도 발견되면 원인을 추적한다.,EXACT_DUPLICATE
Q114,I075,고객중심,Culture-Fit,direct,4.115384615384615,4.115384615384615,0.5675247723629847,0.0,0.21794871794871795,0.29481183453940546,True,타인 약속 기한을 맞추기 위해 우선순위를 조정하려 한다.,EXACT_DUPLICATE
Q115,I076,고객중심,Culture-Fit,direct,4.352564102564102,4.352564102564102,0.4925835403781246,0.0,0.358974358974359,0.6152583123837949,True,인수인계가 끝나도 문제 해결까지 책임을 진다.,LOW_VARIANCE;EXACT_DUPLICATE
Q116,I077,고객중심,Culture-Fit,direct,4.25,4.25,0.47688505411546467,0.0,0.2692307692307692,0.6073440283093241,True,내 업무가 아니어도 타인의 업무에 도움을 주려고 노력한다.,LOW_VARIANCE;EXACT_DUPLICATE
Q117,I078,고객중심,Culture-Fit,direct,4.160256410256411,4.160256410256411,0.5622167515870504,0.0,0.23717948717948717,0.5246370901789796,True,품질 기준을 이상적으로 설정하고 최대한 실현하려고 한다.,EXACT_DUPLICATE
Q118,I079,고객중심,Culture-Fit,reverse,2.4358974358974357,3.5641025641025643,0.8738456878573765,0.1282051282051282,0.01282051282051282,0.31669340075495106,True,정해진 절차가 우선이라 약속 기한은 유동적이다.,EXACT_DUPLICATE
Q119,I080,고객중심,Culture-Fit,direct,4.25,4.25,0.7588191165310104,0.02564102564102564,0.3525641025641026,0.26400803333711803,True,인수인계 후에도 발생하는 문제에 끝까지 책임을 회피하지 않는다.,EXACT_DUPLICATE
Q120,I081_R,고객중심,Culture-Fit,reverse,1.3653846153846154,4.634615384615385,0.48308869768014934,0.6346153846153846,0.0,0.5261511229665063,False,타인의 관점이나 이해관계를 무시하고 독단적으로 결정한다.,LOW_VARIANCE;RAW_FLOOR
Q121,I082_R,고객중심,Culture-Fit,reverse,1.4166666666666667,4.583333333333333,0.5074710649095475,0.5897435897435898,0.0,0.568819716480736,False,작은 결함을 무시하고 문제 해결 노력을 중단한다.,
Q122,I083_R,고객중심,Culture-Fit,reverse,1.3525641025641026,4.647435897435898,0.47930712329882585,0.6474358974358975,0.0,0.5483673689812444,False,타인의 약속 기한을 무시하고 나의 우선순위만 고수한다.,LOW_VARIANCE;RAW_FLOOR
Q123,I084_R,고객중심,Culture-Fit,reverse,1.4102564102564104,4.589743589743589,0.4934643154310196,0.5897435897435898,0.0,0.6459871626883472,False,인수인계가 끝나면 곧바로 책임이 없다고 단정한다.,LOW_VARIANCE
Q124,I085_R,고객중심,Culture-Fit,reverse,1.6923076923076923,4.3076923076923075,0.5860241612918924,0.3717948717948718,0.0,0.5512035310599066,False,내 업무가 아니면 타인 이슈라도 관여하지 않는다.,
Q125,I086_R,고객중심,Culture-Fit,reverse,1.7307692307692308,4.269230769230769,0.6460415830634637,0.358974358974359,0.0,0.48233112314978915,False,품질 기준은 현실적으로 낮춰야 한다고 본다.,
Q126,I087_R,고객중심,Culture-Fit,reverse,1.8717948717948718,4.128205128205129,0.5871522165443017,0.23717948717948717,0.0,0.256026097233291,False,약속 기한이 우선이라 정해진 절차를 무시하고 진행한다.,
Q127,I088_R,고객중심,Culture-Fit,reverse,1.4935897435897436,4.506410256410256,0.5015690847060224,0.5064102564102564,0.0,0.6264616720256733,False,인수인계하면 이후 문제는 내 책임이 아니다.,
Q289,I280,고객중심,Culture-Fit,direct,4.211538461538462,4.211538461538462,0.5081226088336755,0.0,0.2564102564102564,0.5400655980886686,False,긴급한 이슈에 즉시 대응 경로를 연다.,
Q290,I281,고객중심,Culture-Fit,direct,4.0576923076923075,4.0576923076923075,0.603648953907277,0.0,0.19230769230769232,0.3450909071539615,True,타인 약속 기한을 맞추기 위해 우선순위를 조정하려 한다. ,EXACT_DUPLICATE
Q291,I282,고객중심,Culture-Fit,reverse,1.6538461538461537,4.346153846153846,0.5162375816373592,0.358974358974359,0.0,0.5423652170602294,False,숨은 니즈를 찾는 일은 과도한 노력이라고 느낀다.,
Q2,N001,고객중심,Culture-Fit,direct,4.17948717948718,4.17948717948718,0.5505092010854453,0.0,0.2564102564102564,0.5802160312624521,False,내부·외부 고객의 기대와 성공지표(KPI)를 먼저 파악한다.,
Q12,N006,고객중심,Culture-Fit,direct,4.262820512820513,4.262820512820513,0.5460967595603512,0.00641025641025641,0.2948717948717949,0.4650467436561241,False,약속 기한을 지키기 위해 범위·우선순위를 사전에 조정한다.,
Q22,N011,고객중심,Culture-Fit,direct,4.294871794871795,4.294871794871795,0.49796940854283367,0.0,0.3141025641025641,0.6129362943573752,False,품질 이슈 발생 시 원인-대안-재발방지까지 책임진다.,LOW_VARIANCE
Q32,N016,고객중심,Culture-Fit,direct,4.205128205128205,4.205128205128205,0.4781408716422621,0.0,0.23717948717948717,0.6349296322171434,False,고객 여정에서 마찰 구간을 찾아 개선안을 제안한다.,LOW_VARIANCE
Q42,N021,고객중심,Culture-Fit,direct,4.358974358974359,4.358974358974359,0.5441621905837236,0.0,0.391025641025641,0.4394815989997023,False,단기 이익보다 장기 신뢰를 우선한다.,
Q50,N026,고객중심,Culture-Fit,direct,4.378205128205129,4.378205128205129,0.5247788931380617,0.0,0.3974358974358974,0.5020525658125305,False,요구사항이 모호하면 확인 질문으로 범위를 명확히 한다.,
Q55,N031,고객중심,Culture-Fit,direct,4.301282051282051,4.301282051282051,0.48752001507129933,0.0,0.3141025641025641,0.679789203930775,False,인수인계 후에도 이슈가 해결될 때까지 점검한다.,LOW_VARIANCE
Q64,N036,고객중심,Culture-Fit,direct,4.1923076923076925,4.1923076923076925,0.6129293451402005,0.0,0.28205128205128205,0.4920359599860074,False,고객 피드백을 데이터로 분류·시각화해 공유한다.,
Q74,N041,고객중심,Culture-Fit,direct,4.211538461538462,4.211538461538462,0.5206647783501319,0.0,0.2564102564102564,0.4772703420202841,False,품질 기준을 수치로 정의하고 일관되게 적용한다.,
Q84,N046,고객중심,Culture-Fit,direct,4.243589743589744,4.243589743589744,0.49995864179652966,0.0,0.27564102564102566,0.661031517463431,False,업데이트 변경이 고객에게 미칠 영향과 공지 계획을 먼저 검토한다.,LOW_VARIANCE
Q94,N051_R,고객중심,Culture-Fit,reverse,1.3525641025641026,4.647435897435898,0.47930712329882585,0.6474358974358975,0.0,0.5975543067541155,False,고객의 기대나 성공 지표를 파악하지 않고 내 방식대로 진행한다.,LOW_VARIANCE;RAW_FLOOR
Q128,I097,의사소통,Culture-Fit,direct,4.198717948717949,4.198717948717949,0.48752001507129933,0.0,0.23076923076923078,0.5592641306527945,True,상대의 의도를 확인하며 질문을 이어간다.,LOW_VARIANCE;EXACT_DUPLICATE
Q129,I098,의사소통,Culture-Fit,direct,4.2243589743589745,4.2243589743589745,0.5025575614435649,0.0,0.2564102564102564,0.5907652785233238,True,중요한 메시지는 핵심-근거-요청 순으로 전달한다.,EXACT_DUPLICATE
Q130,I099,의사소통,Culture-Fit,direct,4.2756410256410255,4.2756410256410255,0.5025575614435649,0.0,0.30128205128205127,0.6145755121248078,True,피드백을 요청하고 합의된 행동을 기록한다.,EXACT_DUPLICATE
Q131,I100,의사소통,Culture-Fit,direct,4.173076923076923,4.173076923076923,0.5583785458775058,0.0,0.24358974358974358,0.5253410888538351,True,타인과의 정보와 성과를 공유하려 한다.,EXACT_DUPLICATE
Q132,I101,의사소통,Culture-Fit,reverse,1.5897435897435896,4.410256410256411,0.9289035845088994,0.5897435897435898,0.02564102564102564,0.2569963855703254,False,상대방의 말을 끝까지 듣지 않고 결론을 제시한다.,
Q133,I102,의사소통,Culture-Fit,reverse,1.8525641025641026,4.147435897435898,0.7256097518593468,0.3141025641025641,0.0,0.3699898108907396,True,메일은 길수록 설득력이 있다고 생각한다.,EXACT_DUPLICATE
Q134,I103,의사소통,Culture-Fit,direct,4.397435897435898,4.397435897435898,0.49094362306240524,0.0,0.3974358974358974,0.6461846965125482,True,피드백을 갈등이 아닌 발전의 기회로 보고 적극적으로 제시한다.,LOW_VARIANCE;EXACT_DUPLICATE
Q135,I104,의사소통,Culture-Fit,direct,4.314102564102564,4.314102564102564,0.5424494884109062,0.0,0.3525641025641026,0.6447529143481799,True,타인과의 성과 공유는 경쟁이 아닌 시너지를 만든다고 생각한다.,EXACT_DUPLICATE
Q136,I105,의사소통,Culture-Fit,direct,4.198717948717949,4.198717948717949,0.48752001507129933,0.0,0.23076923076923078,0.5334261856170189,True,상대의 의도를 확인하며 질문을 이어간다.,LOW_VARIANCE;EXACT_DUPLICATE
Q137,I106,의사소통,Culture-Fit,direct,4.25,4.25,0.5403105439198533,0.0,0.2948717948717949,0.5947762230310464,True,중요한 메시지는 핵심-근거-요청 순으로 전달한다.,EXACT_DUPLICATE
Q138,I107,의사소통,Culture-Fit,direct,4.256410256410256,4.256410256410256,0.5189542197696325,0.0,0.2948717948717949,0.6223608097699691,True,피드백을 요청하고 합의된 행동을 기록한다.,EXACT_DUPLICATE
Q139,I108,의사소통,Culture-Fit,direct,4.237179487179487,4.237179487179487,0.5094231967460464,0.0,0.27564102564102566,0.6036334179541694,True,타인과의 정보와 성과를 공유하려 한다.,EXACT_DUPLICATE
Q140,I109,의사소통,Culture-Fit,direct,4.294871794871795,4.294871794871795,0.45745366369190305,0.0,0.2948717948717949,0.541131617902738,True,상대방이 충분히 설명할 때까지 기다린 후 결론을 제시한다.,LOW_VARIANCE;EXACT_DUPLICATE
Q141,I110,의사소통,Culture-Fit,reverse,1.8653846153846154,4.134615384615385,0.7711452602505885,0.3076923076923077,0.01282051282051282,0.28051838422400593,True,메일은 길수록 설득력이 있다고 생각한다.,EXACT_DUPLICATE
Q142,I111,의사소통,Culture-Fit,direct,4.339743589743589,4.339743589743589,0.5142711080153042,0.0,0.358974358974359,0.6479446076136534,True,피드백을 갈등이 아닌 발전의 기회로 보고 적극적으로 제시한다.,EXACT_DUPLICATE
Q143,I112,의사소통,Culture-Fit,direct,4.32051282051282,4.32051282051282,0.5446180015171272,0.0,0.358974358974359,0.6414267806790158,True,타인과의 성과 공유는 경쟁이 아닌 시너지를 만든다고 생각한다.,EXACT_DUPLICATE
Q144,I113_R,의사소통,Culture-Fit,reverse,1.435897435897436,4.564102564102564,0.49747085736640584,0.5641025641025641,0.0,0.5636614007997278,False,상대의 의도 확인 없이 일방적으로 주장하거나 단정한다.,LOW_VARIANCE
Q145,I114_R,의사소통,Culture-Fit,reverse,1.7179487179487178,4.282051282051282,0.6200402879196698,0.358974358974359,0.0,0.4372544393906398,False,근거와 설명만 늘어놓다가 핵심을 뒤늦게 전달한다.,
Q146,I115_R,의사소통,Culture-Fit,reverse,1.4038461538461537,4.596153846153846,0.5301107145937037,0.6089743589743589,0.0,0.540647015007192,False,피드백을 거부하고 합의된 행동을 기록하지 않는다.,RAW_FLOOR
Q147,I116_R,의사소통,Culture-Fit,reverse,1.544871794871795,4.455128205128205,0.5830171658840478,0.4807692307692308,0.00641025641025641,0.5842546445318962,False,타인과의 정보와 성과 공유를 꺼리고 숨기려 한다.,
Q148,I117,의사소통,Culture-Fit,direct,4.269230769230769,4.269230769230769,0.4592582216399839,0.0,0.27564102564102566,0.5076094025929806,True,상대방이 충분히 설명할 때까지 기다린 후 결론을 제시한다.,LOW_VARIANCE;EXACT_DUPLICATE
Q149,I118_R,의사소통,Culture-Fit,direct,3.608974358974359,3.608974358974359,0.8391525521559885,0.00641025641025641,0.10897435897435898,0.3222780225908475,False,메일은 길수록 좋지 않다고 생각한다.,
Q150,I119_R,의사소통,Culture-Fit,reverse,1.4679487179487178,4.532051282051282,0.5257237321202789,0.5448717948717948,0.0,0.4890723632929246,False,피드백은 갈등을 부르므로 가능한 피한다.,
Q151,I120_R,의사소통,Culture-Fit,reverse,1.7243589743589745,4.2756410256410255,0.5855652681036194,0.33974358974358976,0.0,0.5918878799182222,False,타인과의 성과 공유는 경쟁에 불리하다.,
Q152,I125_R,의사소통,Culture-Fit,reverse,1.5128205128205128,4.487179487179487,0.5846110312841267,0.5192307692307693,0.0,0.4513685169146869,False,상대가 다 말하기 전에 결론부터 제시한다.,
Q292,I285,의사소통,Culture-Fit,direct,4.378205128205129,4.378205128205129,0.5369321302452116,0.0,0.40384615384615385,0.6135416007792448,False,구두로 합의했더라도 정확한 기록을 위해 반드시 문서화한다.,
Q293,I286,의사소통,Culture-Fit,direct,4.455128205128205,4.455128205128205,0.5123374482474979,0.0,0.46153846153846156,0.6057461311455916,False,약속한 정보를 제시간에 제공한다.,
Q294,I288,의사소통,Culture-Fit,direct,4.269230769230769,4.269230769230769,0.4865434880427687,0.0,0.28846153846153844,0.5880185732905744,False,의견이 틀리더라도 상대를 존중하며 정중하게 바로잡는다.,LOW_VARIANCE
Q295,I289_R,의사소통,Culture-Fit,reverse,1.4294871794871795,4.57051282051282,0.5460967595603512,0.5897435897435898,0.0,0.5431866548778286,False,약속한 정보를 제 시간에 제공하지 않고 지연한다.,
Q296,I291,의사소통,Culture-Fit,direct,4.314102564102564,4.314102564102564,0.5989720999424865,0.0,0.3782051282051282,0.5317555085592893,False,회의는 반드시 명확한 안건과 준비를 바탕으로 진행해야 한다.,
Q8,N004,의사소통,Culture-Fit,direct,4.205128205128205,4.205128205128205,0.5414192665274113,0.0,0.2692307692307692,0.5825440539240767,False,중요 메시지는 핵심-근거-요청 순서로 1페이지 내에 정리한다.,
Q18,N009,의사소통,Culture-Fit,direct,4.064102564102564,4.064102564102564,0.575628544871432,0.0,0.19230769230769232,0.6377384676624708,False,회의 전 안건과 기대결과를 사전 공유한다.,
Q28,N014,의사소통,Culture-Fit,direct,3.9871794871794872,3.9871794871794872,0.6220380601069928,0.0,0.16666666666666666,0.39604164752787147,False,상대의 의도를 확인하는 재진술(파라프레이징)을 활용한다.,
Q38,N019,의사소통,Culture-Fit,direct,4.134615384615385,4.134615384615385,0.45559657397021713,0.0,0.1794871794871795,0.560204007231729,False,피드백은 구체적 행동과 기대변화 수준으로 제시한다.,LOW_VARIANCE
Q48,N024,의사소통,Culture-Fit,direct,4.288461538461538,4.288461538461538,0.5081226088336755,0.0,0.3141025641025641,0.592572295690229,False,갈등 시 감정과 사실을 분리해 표현한다.,
Q53,N029,의사소통,Culture-Fit,direct,4.217948717948718,4.217948717948718,0.5363541414915335,0.0,0.2692307692307692,0.6038394354137872,False,의사결정 근거와 대안이력을 문서로 남긴다.,
Q60,N034,의사소통,Culture-Fit,direct,4.121794871794871,4.121794871794871,0.5939800009444081,0.0,0.23076923076923078,0.4876832514091234,False,중요 안내는 여러 채널로 중복 공지한다.,
Q70,N039,의사소통,Culture-Fit,direct,4.217948717948718,4.217948717948718,0.4723977519663507,0.0,0.24358974358974358,0.647386005598237,False,상대의 제약(시간·정보)을 고려해 전달 방식을 조정한다.,LOW_VARIANCE
Q80,N044,의사소통,Culture-Fit,direct,4.160256410256411,4.160256410256411,0.5387775275122301,0.0,0.23717948717948717,0.5406657396334547,False,회의 후 합의사항과 액션아이템을 기록·배포한다.,
Q90,N049,의사소통,Culture-Fit,direct,4.2756410256410255,4.2756410256410255,0.46244396973552127,0.0,0.28205128205128205,0.6278735163306665,False,전달 전 불필요한 수식어를 제거해 가독성을 높인다.,LOW_VARIANCE
Q100,N054_R,의사소통,Culture-Fit,reverse,1.4871794871794872,4.512820512820513,0.5141504673345931,0.5192307692307693,0.0,0.6118010299883504,False,중요 메시지를 구조 없이 여러 페이지에 걸쳐 장황하게 설명한다.,
Q153,I129,도전정신,Culture-Fit,direct,4.487179487179487,4.487179487179487,0.5014453881071487,0.0,0.48717948717948717,0.5283735462912346,True,어려워도 목표 달성까지 끈기 있게 밀고 간다.,EXACT_DUPLICATE
Q154,I130,도전정신,Culture-Fit,direct,4.333333333333333,4.333333333333333,0.5717357085490703,0.0,0.3782051282051282,0.6399259386123962,True,실패 후에도 빠르게 마음을 다잡고 재시도한다.,EXACT_DUPLICATE
Q155,I131,도전정신,Culture-Fit,direct,4.17948717948718,4.17948717948718,0.5141504673345931,0.0,0.23076923076923078,0.6981078020124915,True,지시가 없어도 필요한 일을 먼저 찾아서 한다.,EXACT_DUPLICATE
Q156,I132,도전정신,Culture-Fit,direct,4.230769230769231,4.230769230769231,0.4521797222794215,0.0,0.24358974358974358,0.6413450273122975,True,필요한 위험은 계산하고 책임 있게 감수한다.,LOW_VARIANCE;EXACT_DUPLICATE
Q157,I133,도전정신,Culture-Fit,direct,4.5,4.5,0.501610310127101,0.0,0.5,0.581530722827213,True,목표가 어려워도 끈기를 갖고 끝까지 도전한다.,EXACT_DUPLICATE
Q158,I134,도전정신,Culture-Fit,direct,4.2756410256410255,4.2756410256410255,0.5855652681036195,0.0,0.3333333333333333,0.6671342831874232,True,실패해도 곧바로 의욕을 되찾고 다음 행동을 시작한다.,EXACT_DUPLICATE
Q159,I135,도전정신,Culture-Fit,direct,4.160256410256411,4.160256410256411,0.550621875663003,0.0,0.23717948717948717,0.5777371322660754,True,지시받은 일 외에도 주도적으로 업무를 확장한다.,EXACT_DUPLICATE
Q160,I136,도전정신,Culture-Fit,direct,3.83974358974359,3.83974358974359,0.6475441932537949,0.0,0.10897435897435898,0.4525103796742857,True,위험을 감수해야 하는 상황에서도 적극적으로 결정한다.,EXACT_DUPLICATE
Q161,I137,도전정신,Culture-Fit,direct,4.416666666666667,4.416666666666667,0.5074710649095475,0.0,0.4230769230769231,0.65654227403703,True,어려워도 목표 달성까지 끈기 있게 밀고 간다.,EXACT_DUPLICATE
Q162,I138,도전정신,Culture-Fit,direct,4.333333333333333,4.333333333333333,0.5246606686271623,0.0,0.3525641025641026,0.6345258116504907,True,실패 후에도 빠르게 마음을 다잡고 재시도한다.,EXACT_DUPLICATE
Q163,I139,도전정신,Culture-Fit,direct,4.205128205128205,4.205128205128205,0.5414192665274115,0.0,0.2692307692307692,0.7084407992378863,True,지시가 없어도 필요한 일을 먼저 찾아서 한다.,EXACT_DUPLICATE
Q164,I140,도전정신,Culture-Fit,direct,4.147435897435898,4.147435897435898,0.45158483901930613,0.0,0.1794871794871795,0.48925594748506923,True,필요한 위험은 계산하고 책임 있게 감수한다.,LOW_VARIANCE;EXACT_DUPLICATE
Q165,I141,도전정신,Culture-Fit,direct,4.487179487179487,4.487179487179487,0.5141504673345931,0.0,0.4935897435897436,0.6522051852779597,True,목표가 어려워도 끈기를 갖고 끝까지 도전한다.,EXACT_DUPLICATE
Q166,I142,도전정신,Culture-Fit,direct,4.282051282051282,4.282051282051282,0.5541034233830335,0.0,0.3269230769230769,0.607353768901701,True,실패해도 곧바로 의욕을 되찾고 다음 행동을 시작한다.,EXACT_DUPLICATE
Q167,I143,도전정신,Culture-Fit,direct,4.096153846153846,4.096153846153846,0.5421444415776101,0.0,0.19230769230769232,0.5905923160454909,True,지시받은 일 외에도 주도적으로 업무를 확장한다.,EXACT_DUPLICATE
Q168,I144,도전정신,Culture-Fit,direct,3.948717948717949,3.948717948717949,0.5879968377671365,0.0,0.1346153846153846,0.39864988795229245,True,위험을 감수해야 하는 상황에서도 적극적으로 결정한다.,EXACT_DUPLICATE
Q169,I145_R,도전정신,Culture-Fit,reverse,1.4166666666666667,4.583333333333333,0.5074710649095475,0.5897435897435898,0.0,0.5611392895577182,False,어려우면 목표 달성을 포기하고 쉽게 중단한다.,
Q170,I146_R,도전정신,Culture-Fit,reverse,1.5256410256410255,4.4743589743589745,0.5616647829182048,0.5,0.0,0.6260025376255,False,실패하면 의욕을 잃고 오랫동안 재시도를 망설인다.,
Q171,I147_R,도전정신,Culture-Fit,reverse,1.7564102564102564,4.243589743589744,0.615622369291067,0.32051282051282054,0.00641025641025641,0.5805114693718553,False,지시가 있을 때까지 필요한 일을 찾아나서지 않고 기다린다.,
Q172,I148_R,도전정신,Culture-Fit,reverse,1.3653846153846154,4.634615384615385,0.48308869768014934,0.6346153846153846,0.0,0.5006720812695582,False,위험을 회피하는 데 급급하며 책임을 지려 하지 않는다.,LOW_VARIANCE;RAW_FLOOR
Q173,I149_R,도전정신,Culture-Fit,reverse,1.4487179487179487,4.551282051282051,0.5363541414915335,0.5641025641025641,0.0,0.4139602311946579,False,목표가 어렵다고 판단되면 일찍 포기하는 편이다.,
Q174,I150_R,도전정신,Culture-Fit,reverse,1.5705128205128205,4.42948717948718,0.5692346813180125,0.46794871794871795,0.0,0.4784974393489673,False,실패하면 한동안 의욕이 꺾여 손을 놓는다.,
Q175,I151_R,도전정신,Culture-Fit,reverse,2.2756410256410255,3.7243589743589745,0.7324172788145007,0.11538461538461539,0.0,0.31649266404089,False,지시받은 일만 수행하는 것이 안전하다.,
Q176,I152_R,도전정신,Culture-Fit,reverse,2.2564102564102564,3.7435897435897436,0.8337385284545817,0.15384615384615385,0.00641025641025641,0.3329893213444028,False,위험을 감수하는 결정을 최대한 피한다.,
Q297,I293,도전정신,Culture-Fit,direct,3.1666666666666665,3.1666666666666665,0.9492498453079696,0.057692307692307696,0.02564102564102564,0.10819138350933022,False,기준을 높여도 더 나은 성과를 위해 노력하며 평가를 신경 쓰지 않는다.,LOW_ITEM_REST
Q298,I294,도전정신,Culture-Fit,direct,4.288461538461538,4.288461538461538,0.5448837151423185,0.00641025641025641,0.3141025641025641,0.48064758437475336,False,진행 관리를 효율성을 높이는 중요한 과정이라고 인식한다.,
Q299,I296,도전정신,Culture-Fit,direct,4.173076923076923,4.173076923076923,0.5583785458775058,0.0,0.24358974358974358,0.5703756709246542,False,지시받은 일 외에도 더 나은 결과를 위해 자발적으로 행동한다.,
Q300,I299,도전정신,Culture-Fit,direct,4.2756410256410255,4.2756410256410255,0.5025575614435649,0.0,0.30128205128205127,0.6482962817192052,False,난관을 만나도 멈추지 않고 스스로 해결책을 찾고 돌파한다.,
Q4,N002,도전정신,Culture-Fit,direct,4.25,4.25,0.5032154672221562,0.0,0.28205128205128205,0.5881964489560043,False,난이도 높은 목표라도 중간 성과지표를 설정해 진척을 관리한다.,
Q14,N007,도전정신,Culture-Fit,direct,4.339743589743589,4.339743589743589,0.48853691869334237,0.0,0.34615384615384615,0.6774112548507686,False,실패 후 원인을 분석하고 다음 시도 계획을 세운다.,LOW_VARIANCE
Q24,N012,도전정신,Culture-Fit,direct,4.076923076923077,4.076923076923077,0.5511098659679807,0.0,0.1858974358974359,0.6516020822181193,False,지시가 없어도 필요한 업무를 선제적으로 제안한다.,
Q34,N017,도전정신,Culture-Fit,direct,4.17948717948718,4.17948717948718,0.4884099215285018,0.0,0.22435897435897437,0.6464259821558707,False,위험을 정량·정성으로 평가해 감수 기준을 명확히 한다.,LOW_VARIANCE
Q44,N022,도전정신,Culture-Fit,direct,3.9871794871794872,3.9871794871794872,0.5326401616195102,0.0,0.11538461538461539,0.28859817665316356,False,집중이 흔들릴 때 방해요인을 차단하는 규칙을 적용한다.,
Q51,N027,도전정신,Culture-Fit,direct,4.108974358974359,4.108974358974359,0.5630987760565287,0.0,0.21794871794871795,0.48778422603318605,False,긴 과제를 작은 과제로 분해해 실행한다.,
Q56,N032,도전정신,Culture-Fit,direct,4.166666666666667,4.166666666666667,0.5427924611801259,0.0,0.24358974358974358,0.5789779641400737,False,핵심역량 향상을 위해 주기적으로 연습 시간을 확보한다.,
Q66,N037,도전정신,Culture-Fit,direct,4.5,4.5,0.501610310127101,0.0,0.5,0.600907022030014,False,피로가 와도 마감까지 최소 기준을 지킨다.,
Q76,N042,도전정신,Culture-Fit,direct,3.2564102564102564,3.2564102564102564,0.9078282832640364,0.04487179487179487,0.02564102564102564,-0.14334957573431098,False,장기 목표에 맞지 않는 일은 과감히 줄인다.,LOW_ITEM_REST;NEGATIVE_ITEM_REST
Q86,N047,도전정신,Culture-Fit,direct,4.410256410256411,4.410256410256411,0.4934643154310196,0.0,0.41025641025641024,0.5674350939807739,False,필요한 도움을 적극적으로 요청하고 협업한다.,LOW_VARIANCE
Q96,N052_R,도전정신,Culture-Fit,reverse,1.4679487179487178,4.532051282051282,0.5378556203303321,0.5448717948717948,0.0,0.5074883007342174,False,난이도 높은 목표는 관리하기 어렵다고 판단하고 중간 점검을 생략한다.,
Q177,I161,조직시민성(OCB),OCB,direct,4.455128205128205,4.455128205128205,0.4995862638927396,0.0,0.4551282051282051,0.7014509023442473,False,내 업무가 아니어도 팀 목표 달성에 도움이 되면 기꺼이 돕는다.,LOW_VARIANCE
Q178,I162,조직시민성(OCB),OCB,direct,4.282051282051282,4.282051282051282,0.5179970331820853,0.0,0.3141025641025641,0.7028092136688412,False,동료가 바쁠 때 자발적으로 지원하려 한다.,
Q179,I163,조직시민성(OCB),OCB,direct,4.32051282051282,4.32051282051282,0.4817599387083275,0.0,0.3269230769230769,0.5797504104451439,False,소속된 환경 자산을 아끼고 관리하는 데 신경 쓴다.,LOW_VARIANCE
Q180,I164,조직시민성(OCB),OCB,direct,4.358974358974359,4.358974358974359,0.4812445954279577,0.0,0.358974358974359,0.6550591640574768,False,문제가 생기면 비난보다 해결 방안을 먼저 제시하려 한다.,LOW_VARIANCE
Q181,I165,조직시민성(OCB),OCB,direct,4.237179487179487,4.237179487179487,0.4834310103521059,0.0,0.26282051282051283,0.5876781120630239,False,작은 개선 아이디어도 공유한다.,LOW_VARIANCE
Q182,I166,조직시민성(OCB),OCB,direct,4.365384615384615,4.365384615384615,0.50909836126156,0.0,0.3782051282051282,0.6321463074257125,False,소속된 환경 간 협업이 필요하면 먼저 연락을 취하려 한다.,
Q183,I167,조직시민성(OCB),OCB,direct,4.461538461538462,4.461538461538462,0.5493059008464359,0.0,0.4807692307692308,0.5836180066040682,False,소속된 환경의 평판을 해칠 수 있는 행동을 삼간다.,
Q184,I168,조직시민성(OCB),OCB,direct,4.378205128205129,4.378205128205129,0.486500985881688,0.0,0.3782051282051282,0.6999968173102016,False,약속한 일정을 지키기 위해 추가 노력을 기울인다.,LOW_VARIANCE
Q185,I169,조직시민성(OCB),OCB,direct,3.7564102564102564,3.7564102564102564,0.7480882721055513,0.01282051282051282,0.10256410256410256,0.24208201937512627,False,규정 이상의 기준으로 품질을 확인하려 한다.,
Q186,I170,조직시민성(OCB),OCB,direct,4.269230769230769,4.269230769230769,0.5123778072572299,0.0,0.30128205128205127,0.682839819312847,False,팀 내 갈등을 중재하려 노력하려 한다.,
Q187,I171,역기능행동(CWB),CWB,reverse,1.4038461538461537,4.596153846153846,0.5301107145937037,0.6153846153846154,0.0,0.6289539964085349,False,불만이 있으면 의도적으로 일을 느리게 하기도 한다.,RAW_FLOOR
Q188,I172,역기능행동(CWB),CWB,reverse,1.4935897435897436,4.506410256410256,0.6273013873759604,0.5576923076923077,0.00641025641025641,0.6877113684503938,False,감정이 상하면 동료에게 차갑게 대하려 한다.,
Q189,I173,역기능행동(CWB),CWB,reverse,1.2307692307692308,4.769230769230769,0.554700196225229,0.8141025641025641,0.0,0.3781509912478736,False,무단으로 지각/결근을 한 적이 있다.,RAW_FLOOR
Q190,I174,역기능행동(CWB),CWB,reverse,1.9230769230769231,4.076923076923077,0.7749169490439817,0.27564102564102566,0.00641025641025641,0.4776263542350011,False,규정에 어긋나는 지름길을 택한 적이 있다.,
Q191,I175,역기능행동(CWB),CWB,reverse,1.4102564102564104,4.589743589743589,0.5665036499816347,0.6282051282051282,0.0,0.6694790643295888,False,나에게 필요한 자료라면 승인 없이 가져오기도 하려 한다.,RAW_FLOOR
Q192,I176,역기능행동(CWB),CWB,reverse,1.5961538461538463,4.403846153846154,0.6198735162746187,0.46153846153846156,0.0,0.7114075120479333,False,실수를 숨기기 위해 사실을 일부 누락한 적이 있다.,
Q193,I177,역기능행동(CWB),CWB,reverse,2.5256410256410255,3.4743589743589745,0.8534462807798776,0.08333333333333333,0.00641025641025641,0.40142585581887896,False,타인 불만을 알고도 넘긴 적이 있다.,
Q194,I178,역기능행동(CWB),CWB,reverse,1.2564102564102564,4.743589743589744,0.48021224973687754,0.7564102564102564,0.0,0.6102060754870231,False,비공개 정보를 허락 없이 공유한 적이 있다.,LOW_VARIANCE;RAW_FLOOR
Q195,I179,역기능행동(CWB),CWB,reverse,1.4166666666666667,4.583333333333333,0.5897876417538701,0.6282051282051282,0.0,0.6118371975659967,False,소속된 환경 물품을 개인 용도로 사용한 적이 있다.,RAW_FLOOR
Q196,I180,역기능행동(CWB),CWB,reverse,1.4615384615384615,4.538461538461538,0.5374325510222311,0.5576923076923077,0.0,0.6845136866604807,False,기분에 따라 혼자 결정하고 협의하지 않을 때가 있다.,
Q197,I181,정직성/무결성,Integrity (overt),reverse,1.185897435897436,4.814102564102564,0.3902767782052709,0.8141025641025641,0.0,0.34757909259083614,False,과거에 직장에서 허가 없이 물건을 가져간 적이 있다.,LOW_VARIANCE;RAW_FLOOR
Q198,I182,정직성/무결성,Integrity (overt),reverse,1.814102564102564,4.185897435897436,0.5989720999424865,0.28205128205128205,0.0,0.48670446041313636,False,업무 성과를 위해 사실을 과장한 적이 있다.,
Q199,I183,정직성/무결성,Integrity (overt),reverse,1.9679487179487178,4.032051282051282,1.043689929203557,0.3974358974358974,0.01282051282051282,0.3596675550811413,False,근무시간 중 개인용 심부름을 한 적이 있다.,
Q200,I184,정직성/무결성,Integrity (overt),reverse,1.3269230769230769,4.673076923076923,0.6028262632982113,0.717948717948718,0.00641025641025641,0.29007940629810897,False,최근 1년 내 규정을 의도적으로 어긴 적이 있다.,RAW_FLOOR
Q201,I185,정직성/무결성,Integrity (overt),reverse,1.7179487179487178,4.282051282051282,0.7075160711260003,0.391025641025641,0.0,0.5078156851123703,False,실수를 다른 사람 탓으로 돌린 적이 있다.,
Q202,I186,정직성/무결성,Integrity (overt),reverse,1.2115384615384615,4.788461538461538,0.4097145408241928,0.7884615384615384,0.0,0.4121615261951699,False,소속된 환경 비용으로 개인 물건을 결제하려 한 적이 있다.,LOW_VARIANCE;RAW_FLOOR
Q203,I187,정직성/무결성,Integrity (overt),direct,3.6474358974358974,3.6474358974358974,0.760343616543987,0.01282051282051282,0.07051282051282051,0.25229462676131537,False,함께 일하는 사람의 지시라도 부정행위면 거부한 적이 있다.,
Q204,I188,정직성/무결성,Integrity (overt),direct,3.2884615384615383,3.2884615384615383,0.8944965452582297,0.03205128205128205,0.04487179487179487,0.2863056853732366,False,부정행위를 목격했을 때 신고한 적이 있다.,
Q205,I189,정직성/무결성,Integrity (overt),reverse,1.8717948717948718,4.128205128205129,0.7336866582470073,0.30128205128205127,0.0,0.3813490366048649,False,내 이익을 위해 규정을 해석한 적이 있다.,
Q206,I190,정직성/무결성,Integrity (overt),reverse,1.7371794871794872,4.262820512820513,0.745845953888166,0.3974358974358974,0.0,0.47584655544688675,False,지인에게 특혜를 준 적이 있다.,
Q207,I191,정직성/무결성,Integrity (personality),direct,3.891025641025641,3.891025641025641,0.705496557671746,0.00641025641025641,0.14102564102564102,0.36170717627738,False,나는 약속을 지키지 못하면 큰 죄책감을 느낀다.,
Q208,I192,정직성/무결성,Integrity (personality),direct,4.166666666666667,4.166666666666667,0.5427924611801258,0.0,0.24358974358974358,0.599960158704634,False,작은 거짓말이라도 마음이 편하지 않다.,
Q209,I193,정직성/무결성,Integrity (personality),direct,4.32051282051282,4.32051282051282,0.6424467291803843,0.0,0.40384615384615385,0.3702671374241841,False,정확함과 꼼꼼함이 나의 강점이다.,
Q210,I194,정직성/무결성,Integrity (personality),direct,4.096153846153846,4.096153846153846,0.5986958531389347,0.0,0.21794871794871795,0.5209038476083949,False,상황이 불리해도 정직이 최선이라고 믿는다.,
Q211,I195,정직성/무결성,Integrity (personality),direct,4.551282051282051,4.551282051282051,0.5117316811398496,0.0,0.5576923076923077,0.47135070563302,False,다른 사람의 물건을 맡으면 더 조심한다.,
Q212,I196,정직성/무결성,Integrity (personality),direct,4.358974358974359,4.358974358974359,0.49446899441225867,0.0,0.36538461538461536,0.42001055124126735,False,유혹이 있어도 해야 할 일을 먼저 끝낸다.,LOW_VARIANCE
Q213,I197,정직성/무결성,Integrity (personality),direct,4.102564102564102,4.102564102564102,0.6342838194422795,0.0,0.23076923076923078,0.5355239628716089,False,공정하지 않은 이득은 거절하는 편이다.,
Q214,I198,정직성/무결성,Integrity (personality),direct,3.801282051282051,3.801282051282051,0.7985460319199638,0.01282051282051282,0.1282051282051282,0.15421252706643998,False,규정이 모호하면 보수적으로 해석한다.,LOW_ITEM_REST
Q215,I199,정직성/무결성,Integrity (personality),direct,4.262820512820513,4.262820512820513,0.4965971884500652,0.0,0.28846153846153844,0.5593105556199,False,누가 보지 않아도 규칙을 지킨다.,LOW_VARIANCE
Q216,I200,정직성/무결성,Integrity (personality),direct,4.205128205128205,4.205128205128205,0.6192393744039872,0.00641025641025641,0.28205128205128205,0.4774551174183249,False,팀을 위한 이익이더라도 부정행위는 안 된다.,
Q217,I201,반응왜곡(사회적바람직성),Social Desirability,direct,3.532051282051282,3.532051282051282,0.8145441772599097,0.01282051282051282,0.07051282051282051,0.47628697230698036,False,나는 언제나 남을 먼저 생각한다.,
Q218,I202,반응왜곡(사회적바람직성),Social Desirability,direct,1.9166666666666667,1.9166666666666667,0.8868816943566634,0.34615384615384615,0.00641025641025641,0.6075122597807205,False,나는 한 번도 거짓말을 한 적이 없다.,
Q219,I203,반응왜곡(사회적바람직성),Social Desirability,direct,2.1538461538461537,2.1538461538461537,1.0106136503987113,0.2564102564102564,0.019230769230769232,0.5142068215040264,False,나는 누구에게도 화를 낸 적이 없다.,
Q220,I204,반응왜곡(사회적바람직성),Social Desirability,direct,3.9423076923076925,3.9423076923076925,0.7115669634154734,0.00641025641025641,0.17307692307692307,0.5387563088264865,False,나는 항상 모든 일을 제시간에 끝낸다.,
Q221,I205,반응왜곡(사회적바람직성),Social Desirability,direct,2.980769230769231,2.980769230769231,0.8906043895355837,0.03205128205128205,0.01282051282051282,0.4238204332468463,False,나는 실수를 거의 하지 않는다.,
Q222,I206,반응왜곡(사회적바람직성),Social Desirability,direct,3.4871794871794872,3.4871794871794872,0.9050908312085588,0.00641025641025641,0.08974358974358974,0.5286934143548899,False,나는 어떤 상황에서도 편견이 없다.,
Q223,I207,반응왜곡(사회적바람직성),Social Desirability,direct,3.9038461538461537,3.9038461538461537,0.716432435225525,0.00641025641025641,0.16666666666666666,0.45102188583814046,False,나는 항상 친절하다.,
Q224,I208,반응왜곡(사회적바람직성),Social Desirability,direct,3.698717948717949,3.698717948717949,0.9994829101469245,0.01282051282051282,0.20512820512820512,0.6147695716930668,False,나는 약속을 절대 어기지 않는다.,
Q225,I209,반응왜곡(사회적바람직성),Social Desirability,direct,2.7243589743589745,2.7243589743589745,1.0630068002617914,0.08333333333333333,0.05128205128205128,0.5798523450371209,False,나는 남의 흉을 본 적이 없다.,
Q226,I210,반응왜곡(사회적바람직성),Social Desirability,direct,3.532051282051282,3.532051282051282,0.9187640491433835,0.02564102564102564,0.09615384615384616,0.5645064179374726,False,나는 모든 규칙을 완벽히 지킨다.,
Q227,I211,반응왜곡(사회적바람직성),Social Desirability,direct,2.33974358974359,2.33974358974359,0.8687907418846325,0.11538461538461539,0.00641025641025641,0.6222733711183738,False,나는 누구에게도 실망을 준 적이 없다.,
Q228,I212,반응왜곡(사회적바람직성),Social Desirability,direct,2.0256410256410255,2.0256410256410255,0.8108038062574213,0.23717948717948717,0.00641025641025641,0.43986778712850977,False,나는 돈 때문에 고민해 본 적이 없다.,
Q229,I213,반응왜곡(사회적바람직성),Social Desirability,direct,3.9423076923076925,3.9423076923076925,0.693196286639949,0.0,0.1858974358974359,0.26127279233295564,False,나는 어려움 속에서도 늘 행복하다.,
Q230,I214,반응왜곡(사회적바람직성),Social Desirability,direct,2.7371794871794872,2.7371794871794872,1.202750500967058,0.1346153846153846,0.07692307692307693,0.6056659618396997,False,나는 나쁜 생각을 해본 적이 없다.,
Q231,I215,반응왜곡(사회적바람직성),Social Desirability,direct,2.391025641025641,2.391025641025641,0.9198437311091905,0.09615384615384616,0.03205128205128205,0.6171482818837727,False,나는 누군가를 질투한 적이 없다.,
Q232,I216,반응왜곡(사회적바람직성),Social Desirability (rev),reverse,1.6602564102564104,4.339743589743589,0.7661954174364258,0.47435897435897434,0.00641025641025641,0.47869120629919903,False,가끔은 예의에 어긋나는 행동을 할 때가 있다.,
Q233,I217,반응왜곡(사회적바람직성),Social Desirability (rev),reverse,2.2756410256410255,3.7243589743589745,0.8913470628408837,0.1858974358974359,0.0,0.5772010086565079,False,어쩌다 약속을 늦게 지킬 때도 있다.,
Q234,I218,반응왜곡(사회적바람직성),Social Desirability (rev),reverse,3.8333333333333335,2.1666666666666665,0.6799746990865538,0.019230769230769232,0.08974358974358974,0.49251389276999685,False,가끔은 실수도 하고 후회한다.,
Q235,I219,반응왜곡(사회적바람직성),Social Desirability (rev),reverse,2.032051282051282,3.967948717948718,0.9799267371882504,0.34615384615384615,0.0,0.4435709335799083,False,화가 나서 목소리가 커질 때가 있다.,
Q236,I220,반응왜곡(사회적바람직성),Social Desirability (rev),reverse,2.9935897435897436,3.0064102564102564,0.8761852423950666,0.04487179487179487,0.01282051282051282,0.6189457757243867,False,나에게도 편견이 스며들 때가 있다.,
Q237,I221,반응왜곡(사회적바람직성),Social Desirability (rev),reverse,2.391025641025641,3.608974358974359,0.8840793859312742,0.1282051282051282,0.0,0.6706873000049234,False,신경 쓰지 못해 무심할 때가 있다.,
Q238,I222,반응왜곡(사회적바람직성),Social Desirability (rev),reverse,2.5961538461538463,3.4038461538461537,0.9556544533685679,0.08974358974358974,0.019230769230769232,0.5574372525433386,False,규칙을 모두 지키지 못할 때가 있다.,
Q239,I223,반응왜곡(사회적바람직성),Social Desirability (rev),reverse,3.7435897435897436,2.2564102564102564,0.6611016697154675,0.00641025641025641,0.04487179487179487,0.3732627242795561,False,누군가를 부러워할 때가 있다.,
Q240,I224,반응왜곡(사회적바람직성),Social Desirability (rev),reverse,2.519230769230769,3.480769230769231,1.0501683665083843,0.1794871794871795,0.00641025641025641,0.6170935556727978,False,스트레스로 짜증을 낼 때가 있다.,
Q241,I225,반응왜곡(사회적바람직성),Social Desirability (rev),reverse,2.6923076923076925,3.3076923076923075,0.927121000666003,0.09615384615384616,0.0,0.4894421101672587,False,가끔은 내 이익을 먼저 생각한다.,
Q242,I226,반응왜곡(사회적바람직성),Social Desirability (rev),reverse,1.891025641025641,4.108974358974359,0.8078143985867686,0.3141025641025641,0.00641025641025641,0.5726294377533961,False,기분에 따라 판단이 흔들릴 때가 있다.,
Q243,I227,반응왜곡(사회적바람직성),Social Desirability (rev),reverse,2.3525641025641026,3.6474358974358974,0.9625536410992289,0.19230769230769232,0.0,0.5220516411933476,False,가끔은 충돌을 피하기 위해 솔직하지 못하다.,
Q244,I228,반응왜곡(사회적바람직성),Social Desirability (rev),reverse,1.955128205128205,4.044871794871795,0.8823937290885641,0.32051282051282054,0.0,0.6533842734265146,False,귀찮아서 미룰 때가 있다.,
Q245,I229,반응왜곡(사회적바람직성),Social Desirability (rev),reverse,2.076923076923077,3.923076923076923,0.7995035680564457,0.20512820512820512,0.0,0.5350436027312511,False,상황에 따라 원칙이 흔들릴 때가 있다.,
Q246,I230,반응왜곡(사회적바람직성),Social Desirability (rev),reverse,2.0705128205128207,3.9294871794871793,0.8200092799410338,0.21794871794871795,0.0,0.5067478708126706,False,실수를 인정하기 어려울 때가 있다.,
Q247,I231,반응왜곡(인상관리),Impression Management,direct,3.967948717948718,3.967948717948718,0.5257237321202789,0.0,0.11538461538461539,0.4222199052738566,False,타인의 기대에 맞추어 내 모습을 조정할 줄 안다.,
Q248,I232,반응왜곡(인상관리),Impression Management,direct,3.5448717948717947,3.5448717948717947,0.8373764615130476,0.03205128205128205,0.057692307692307696,0.37672155415861613,False,중요한 자리에서는 내 약점을 드러내지 않는다.,
Q249,I233,반응왜곡(인상관리),Impression Management,direct,4.2243589743589745,4.2243589743589745,0.489551709993593,0.0,0.2564102564102564,0.16702128102466277,False,좋은 인상을 주기 위해 표현을 다듬는다.,LOW_ITEM_REST;LOW_VARIANCE
Q250,I234,반응왜곡(인상관리),Impression Management,direct,3.0256410256410255,3.0256410256410255,0.9432183611219891,0.0641025641025641,0.019230769230769232,0.42449985103036403,False,갈등을 피하려고 내 의견을 줄일 때가 있다.,
Q251,I235,반응왜곡(인상관리),Impression Management,direct,3.7756410256410255,3.7756410256410255,0.7235550044741496,0.00641025641025641,0.10256410256410256,0.3935960680286364,False,상대가 좋아할 답을 떠올린다.,
Q252,I236,반응왜곡(인상관리),Impression Management,direct,4.269230769230769,4.269230769230769,0.4865434880427687,0.0,0.28846153846153844,0.1404344989484469,False,평가 상황에선 신중히 말하려 한다.,LOW_ITEM_REST;LOW_VARIANCE
Q253,I237,반응왜곡(인상관리),Impression Management,direct,3.326923076923077,3.326923076923077,0.7883298927803745,0.019230769230769232,0.03205128205128205,0.18217796829581312,False,내 의견보단 함께 일하는 사람이 원하는 방향에 따르려 한다.,LOW_ITEM_REST
Q254,I238,반응왜곡(인상관리),Impression Management,direct,2.9743589743589745,2.9743589743589745,0.9432183611219891,0.057692307692307696,0.00641025641025641,0.22350348978067178,False,실수를 감추기보다 덜 보이게 하려 한다.,
Q255,I239,반응왜곡(인상관리),Impression Management,direct,2.8653846153846154,2.8653846153846154,0.9711087010119626,0.08333333333333333,0.01282051282051282,0.38301460952411737,False,자신에게 불리한 정보는 조심스럽게 다룬다.,
Q256,I240,반응왜곡(인상관리),Impression Management,direct,3.4551282051282053,3.4551282051282053,0.9859853346939783,0.03205128205128205,0.08974358974358974,0.29217131522862905,False,상대에 따라 말의 강도를 조절한다.,
Q257,I241,반응왜곡(자기기만),Self-Deception Enhancement,direct,2.9294871794871793,2.9294871794871793,1.0417861800752901,0.05128205128205128,0.057692307692307696,0.370371828916495,False,나는 유혹을 거의 느끼지 않는다.,
Q258,I242,반응왜곡(자기기만),Self-Deception Enhancement,direct,3.769230769230769,3.769230769230769,0.7521680821607228,0.00641025641025641,0.14743589743589744,0.4599579339182863,False,나는 다른 사람보다 도덕적으로 우수하다.,
Q259,I243,반응왜곡(자기기만),Self-Deception Enhancement,direct,3.5128205128205128,3.5128205128205128,0.7744898798745679,0.00641025641025641,0.08333333333333333,0.5272221243200773,False,나는 어려운 일도 쉽게 해낸다.,
Q260,I244,반응왜곡(자기기만),Self-Deception Enhancement,direct,3.4935897435897436,3.4935897435897436,0.9604890882609344,0.00641025641025641,0.11538461538461539,0.5624130815721896,False,나는 실패해도 전혀 흔들리지 않는다.,
Q261,I245,반응왜곡(자기기만),Self-Deception Enhancement,direct,3.891025641025641,3.891025641025641,0.6072010662228511,0.0,0.10897435897435898,0.42852785964001655,False,나는 남보다 더 객관적이다.,
Q262,I246,반응왜곡(자기기만),Self-Deception Enhancement,direct,3.923076923076923,3.923076923076923,0.791392904648845,0.00641025641025641,0.19230769230769232,0.482378155043214,False,나는 감정에 휘둘리지 않는다.,
Q263,I247,반응왜곡(자기기만),Self-Deception Enhancement,direct,3.301282051282051,3.301282051282051,0.8756186516741383,0.02564102564102564,0.04487179487179487,0.6587409670659209,False,나는 늘 올바른 결정을 한다.,
Q264,I248,반응왜곡(자기기만),Self-Deception Enhancement,direct,3.467948717948718,3.467948717948718,0.9666695188343879,0.038461538461538464,0.08974358974358974,0.5132806000300637,False,나는 후회할 일을 하지 않는다.,
Q265,I249,반응왜곡(자기기만),Self-Deception Enhancement,direct,3.730769230769231,3.730769230769231,0.7816125089479572,0.0,0.11538461538461539,0.5927856510510507,False,나는 실수에서 곧바로 완벽히 학습한다.,
Q266,I250,반응왜곡(자기기만),Self-Deception Enhancement,direct,3.4358974358974357,3.4358974358974357,0.9583553599079784,0.038461538461538464,0.07692307692307693,0.6818229049835881,False,나는 항상 최선의 선택만 한다.,
Q267,I251,응답주의(주의력검사),Attention/Instruction Check,direct,1.0,1.0,0.0,1.0,0.0,,False,이 문항에는 '매우 아니다'를 선택해 주세요.,LOW_VARIANCE;RAW_FLOOR
Q268,I252,응답주의(주의력검사),Attention/Instruction Check,direct,3.0,3.0,0.0,0.0,0.0,,False,아래 보기 중 '보통이다'를 선택해 주세요.,LOW_VARIANCE
Q269,I253,응답주의(주의력검사),Attention/Instruction Check,direct,5.0,5.0,0.0,0.0,1.0,,False,이 문항은 테스트이므로 '매우 그렇다'를 눌러 주세요.,LOW_VARIANCE;RAW_CEILING
Q270,I254,응답주의(주의력검사),Attention/Instruction Check,direct,3.0,3.0,1.1013188574642911,0.16025641025641027,0.0641025641025641,0.1041738782834563,False,실수 방지를 위해 '매우 그렇다'를 선택하지 마세요.,LOW_ITEM_REST
Q271,I255,응답주의(주의력검사),Attention/Instruction Check,direct,4.493589743589744,4.493589743589744,1.006410388118824,0.03205128205128205,0.7628205128205128,0.11751746191432672,False,"지금 보고 있는 요일이 월요일이면 아무 답이나, 아니라면 '매우 그렇다'를 선택해 주세요.",LOW_ITEM_REST;RAW_CEILING
Q272,I256,응답주의(주의력검사),Attention/Instruction Check,direct,1.0256410256410255,1.0256410256410255,0.32025630761017426,0.9935897435897436,0.00641025641025641,0.02595991047682281,False,별표(*)가 보이면 가장 왼쪽 응답을 골라 주세요.*,LOW_ITEM_REST;LOW_VARIANCE;RAW_FLOOR
Q273,I257,응답주의(주의력검사),Attention/Instruction Check,direct,1.0,1.0,0.0,1.0,0.0,,False,'매우 아니다'을 선택하면 통과합니다.,LOW_VARIANCE;RAW_FLOOR
Q274,I258,응답주의(주의력검사),Attention/Instruction Check,direct,1.0,1.0,0.0,1.0,0.0,,False,이 문항은 임시 문항이므로 '매우 아니다'가 정답입니다.,LOW_VARIANCE;RAW_FLOOR
Q275,I259,응답주의(주의력검사),Attention/Instruction Check,direct,3.0,3.0,0.0,0.0,0.0,,False,아래 보기에서 '보통이다'를 고르세요.,LOW_VARIANCE
Q276,I260,응답주의(주의력검사),Attention/Instruction Check,direct,5.0,5.0,0.0,0.0,1.0,,False,설문에 집중 중이면 '매우 그렇다'를 선택하세요.,LOW_VARIANCE;RAW_CEILING
